10248,Wilman Kala,Matti Karttunen,Steven,Buchanan,1996-07-04,Federal Shipping,Mozzarella di Giovanni,Dairy Products,Formaggi Fortini s.r.l.,5,34.8
10248,Wilman Kala,Matti Karttunen,Steven,Buchanan,1996-07-04,Federal Shipping,Singaporean Hokkien Fried Mee,Grains/Cereals,Leka Trading,10,14
10248,Wilman Kala,Matti Karttunen,Steven,Buchanan,1996-07-04,Federal Shipping,Queso Cabrales,Dairy Products,Cooperativa de Quesos Las Cabras,12,21
10249,Tradicao Hipermercados,Anabela Domingues,Michael,Suyama,1996-07-05,Speedy Express,Manjimup Dried Apples,Produce,"Gday, Mate",40,53
10249,Tradicao Hipermercados,Anabela Domingues,Michael,Suyama,1996-07-05,Speedy Express,Tofu,Produce,Mayumis,9,23.25
10250,Hanari Carnes,Mario Pontes,Margaret,Peacock,1996-07-08,United Package,Louisiana Fiery Hot Pepper Sauce,Condiments,New Orleans Cajun Delights,15,21.05
10250,Hanari Carnes,Mario Pontes,Margaret,Peacock,1996-07-08,United Package,Manjimup Dried Apples,Produce,"Gday, Mate",35,53
10250,Hanari Carnes,Mario Pontes,Margaret,Peacock,1996-07-08,United Package,Jacks New England Clam Chowder,Seafood,New England Seafood Cannery,10,9.65
10251,Victuailles en stock,Mary Saveley,Janet,Leverling,1996-07-08,Speedy Express,Louisiana Fiery Hot Pepper Sauce,Condiments,New Orleans Cajun Delights,20,21.05
10251,Victuailles en stock,Mary Saveley,Janet,Leverling,1996-07-08,Speedy Express,Ravioli Angelo,Grains/Cereals,Pasta Buttini s.r.l.,15,19.5
10251,Victuailles en stock,Mary Saveley,Janet,Leverling,1996-07-08,Speedy Express,Gustafs Knackebrod,Grains/Cereals,PB Knackebrod AB,6,21
10252,Supremes delices,Pascale Cartrain,Margaret,Peacock,1996-07-09,United Package,Camembert Pierrot,Dairy Products,Gai paturage,40,34
10252,Supremes delices,Pascale Cartrain,Margaret,Peacock,1996-07-09,United Package,Geitost,Dairy Products,Norske Meierier,25,2.5
10252,Supremes delices,Pascale Cartrain,Margaret,Peacock,1996-07-09,United Package,Sir Rodneys Marmalade,Confections,"Specialty Biscuits, Ltd.",40,81
10253,Hanari Carnes,Mario Pontes,Janet,Leverling,1996-07-10,United Package,Maxilaku,Confections,Karkki Oy,40,20
10253,Hanari Carnes,Mario Pontes,Janet,Leverling,1996-07-10,United Package,Chartreuse verte,Beverages,Aux joyeux ecclesiastiques,42,18
10253,Hanari Carnes,Mario Pontes,Janet,Leverling,1996-07-10,United Package,Gorgonzola Telino,Dairy Products,Formaggi Fortini s.r.l.,20,12.5
10254,Chop-suey Chinese,Yang Wang,Steven,Buchanan,1996-07-11,United Package,Longlife Tofu,Produce,Tokyo Traders,21,10
10254,Chop-suey Chinese,Yang Wang,Steven,Buchanan,1996-07-11,United Package,Pate chinois,Meat/Poultry,Ma Maison,21,24
10254,Chop-suey Chinese,Yang Wang,Steven,Buchanan,1996-07-11,United Package,Guarana Fantastica,Beverages,Refrescos Americanas LTDA,15,4.5
10255,Richter Supermarkt,Michael Holz,Anne,Dodsworth,1996-07-12,Federal Shipping,Raclette Courdavault,Dairy Products,Gai paturage,30,55
10255,Richter Supermarkt,Michael Holz,Anne,Dodsworth,1996-07-12,Federal Shipping,Inlagd Sill,Seafood,Svensk Sjofoda AB,25,19
10255,Richter Supermarkt,Michael Holz,Anne,Dodsworth,1996-07-12,Federal Shipping,Pavlova,Confections,"Pavlova, Ltd.",35,17.45
10255,Richter Supermarkt,Michael Holz,Anne,Dodsworth,1996-07-12,Federal Shipping,Chang,Beverages,Exotic Liquid,20,19
10256,Wellington Importadora,Paula Parente,Janet,Leverling,1996-07-15,United Package,Original Frankfurter grune Sosse,Condiments,Plutzer Lebensmittelgrossmarkte AG,12,13
10256,Wellington Importadora,Paula Parente,Janet,Leverling,1996-07-15,United Package,Perth Pasties,Meat/Poultry,"Gday, Mate",15,32.8
10257,HILARIoN-Abastos,Carlos Hernandez,Margaret,Peacock,1996-07-16,Federal Shipping,Original Frankfurter grune Sosse,Condiments,Plutzer Lebensmittelgrossmarkte AG,15,13
10257,HILARIoN-Abastos,Carlos Hernandez,Margaret,Peacock,1996-07-16,Federal Shipping,Chartreuse verte,Beverages,Aux joyeux ecclesiastiques,6,18
10257,HILARIoN-Abastos,Carlos Hernandez,Margaret,Peacock,1996-07-16,Federal Shipping,Schoggi Schokolade,Confections,Heli Susswaren GmbH and Co. KG,25,43.9
10258,Ernst Handel,Roland Mendel,Nancy,Davolio,1996-07-17,Speedy Express,Mascarpone Fabioli,Dairy Products,Formaggi Fortini s.r.l.,6,32
10258,Ernst Handel,Roland Mendel,Nancy,Davolio,1996-07-17,Speedy Express,Chef Antons Gumbo Mix,Condiments,New Orleans Cajun Delights,65,21.35
10258,Ernst Handel,Roland Mendel,Nancy,Davolio,1996-07-17,Speedy Express,Chang,Beverages,Exotic Liquid,50,19
10259,Centro comercial Moctezuma,Francisco Chang,Margaret,Peacock,1996-07-18,Federal Shipping,Gravad lax,Seafood,Svensk Sjofoda AB,1,26
10259,Centro comercial Moctezuma,Francisco Chang,Margaret,Peacock,1996-07-18,Federal Shipping,Sir Rodneys Scones,Confections,"Specialty Biscuits, Ltd.",10,10
10260,Old World Delicatessen,Rene Phillips,Margaret,Peacock,1996-07-19,Speedy Express,Outback Lager,Beverages,"Pavlova, Ltd.",21,15
10260,Old World Delicatessen,Rene Phillips,Margaret,Peacock,1996-07-19,Speedy Express,Tarte au sucre,Confections,Forets derables,15,49.3
10260,Old World Delicatessen,Rene Phillips,Margaret,Peacock,1996-07-19,Speedy Express,Ravioli Angelo,Grains/Cereals,Pasta Buttini s.r.l.,50,19.5
10260,Old World Delicatessen,Rene Phillips,Margaret,Peacock,1996-07-19,Speedy Express,Jacks New England Clam Chowder,Seafood,New England Seafood Cannery,16,9.65
10261,Que Delicia,Bernardo Batista,Margaret,Peacock,1996-07-19,United Package,Steeleye Stout,Beverages,Bigfoot Breweries,20,18
10261,Que Delicia,Bernardo Batista,Margaret,Peacock,1996-07-19,United Package,Sir Rodneys Scones,Confections,"Specialty Biscuits, Ltd.",20,10
10262,Rattlesnake Canyon Grocery,Paula Wilson,Laura,Callahan,1996-07-22,Federal Shipping,Gnocchi di nonna Alice,Grains/Cereals,Pasta Buttini s.r.l.,2,38
10262,Rattlesnake Canyon Grocery,Paula Wilson,Laura,Callahan,1996-07-22,Federal Shipping,Uncle Bobs Organic Dried Pears,Produce,Grandma Kellys Homestead,15,30
10262,Rattlesnake Canyon Grocery,Paula Wilson,Laura,Callahan,1996-07-22,Federal Shipping,Chef Antons Gumbo Mix,Condiments,New Orleans Cajun Delights,12,21.35
10263,Ernst Handel,Roland Mendel,Anne,Dodsworth,1996-07-23,Federal Shipping,Longlife Tofu,Produce,Tokyo Traders,36,10
10263,Ernst Handel,Roland Mendel,Anne,Dodsworth,1996-07-23,Federal Shipping,Nord-Ost Matjeshering,Seafood,Nord-Ost-Fisch Handelsgesellschaft mbH,60,25.89
10263,Ernst Handel,Roland Mendel,Anne,Dodsworth,1996-07-23,Federal Shipping,Guarana Fantastica,Beverages,Refrescos Americanas LTDA,28,4.5
10263,Ernst Handel,Roland Mendel,Anne,Dodsworth,1996-07-23,Federal Shipping,Pavlova,Confections,"Pavlova, Ltd.",60,17.45
10264,Folk och fa HB,Maria Larsson,Michael,Suyama,1996-07-24,Federal Shipping,Jacks New England Clam Chowder,Seafood,New England Seafood Cannery,25,9.65
10264,Folk och fa HB,Maria Larsson,Michael,Suyama,1996-07-24,Federal Shipping,Chang,Beverages,Exotic Liquid,35,19
10265,Blondel pere et fils,Frederique Citeaux,Andrew,Fuller,1996-07-25,Speedy Express,Outback Lager,Beverages,"Pavlova, Ltd.",20,15
10265,Blondel pere et fils,Frederique Citeaux,Andrew,Fuller,1996-07-25,Speedy Express,Alice Mutton,Meat/Poultry,"Pavlova, Ltd.",30,39
10266,Wartian Herkku,Pirkko Koskitalo,Janet,Leverling,1996-07-26,Federal Shipping,Queso Manchego La Pastora,Dairy Products,Cooperativa de Quesos Las Cabras,12,38
10267,Frankenversand,Peter Franken,Margaret,Peacock,1996-07-29,Speedy Express,Lakkalikoori,Beverages,Karkki Oy,15,18
10267,Frankenversand,Peter Franken,Margaret,Peacock,1996-07-29,Speedy Express,Raclette Courdavault,Dairy Products,Gai paturage,70,55
10267,Frankenversand,Peter Franken,Margaret,Peacock,1996-07-29,Speedy Express,Boston Crab Meat,Seafood,New England Seafood Cannery,50,18.4
10268,GROSELLA-Restaurante,Manuel Pereira,Laura,Callahan,1996-07-30,Federal Shipping,Mozzarella di Giovanni,Dairy Products,Formaggi Fortini s.r.l.,4,34.8
10268,GROSELLA-Restaurante,Manuel Pereira,Laura,Callahan,1996-07-30,Federal Shipping,Thuringer Rostbratwurst,Meat/Poultry,Plutzer Lebensmittelgrossmarkte AG,10,123.79
10269,White Clover Markets,Karl Jablonski,Steven,Buchanan,1996-07-31,Speedy Express,Mozzarella di Giovanni,Dairy Products,Formaggi Fortini s.r.l.,20,34.8
10269,White Clover Markets,Karl Jablonski,Steven,Buchanan,1996-07-31,Speedy Express,Geitost,Dairy Products,Norske Meierier,60,2.5
10270,Wartian Herkku,Pirkko Koskitalo,Nancy,Davolio,1996-08-01,Speedy Express,Ipoh Coffee,Beverages,Leka Trading,25,46
10270,Wartian Herkku,Pirkko Koskitalo,Nancy,Davolio,1996-08-01,Speedy Express,Inlagd Sill,Seafood,Svensk Sjofoda AB,30,19
10271,Split Rail Beer & Ale,Art Braunschweiger,Michael,Suyama,1996-08-01,United Package,Geitost,Dairy Products,Norske Meierier,24,2.5
10272,Rattlesnake Canyon Grocery,Paula Wilson,Michael,Suyama,1996-08-02,United Package,Mozzarella di Giovanni,Dairy Products,Formaggi Fortini s.r.l.,24,34.8
10272,Rattlesnake Canyon Grocery,Paula Wilson,Michael,Suyama,1996-08-02,United Package,Gorgonzola Telino,Dairy Products,Formaggi Fortini s.r.l.,40,12.5
10272,Rattlesnake Canyon Grocery,Paula Wilson,Michael,Suyama,1996-08-02,United Package,Sir Rodneys Marmalade,Confections,"Specialty Biscuits, Ltd.",6,81
10273,QUICK-Stop,Horst Kloss,Janet,Leverling,1996-08-05,Federal Shipping,Lakkalikoori,Beverages,Karkki Oy,33,18
10273,QUICK-Stop,Horst Kloss,Janet,Leverling,1996-08-05,Federal Shipping,Boston Crab Meat,Seafood,New England Seafood Cannery,60,18.4
10273,QUICK-Stop,Horst Kloss,Janet,Leverling,1996-08-05,Federal Shipping,Geitost,Dairy Products,Norske Meierier,20,2.5
10273,QUICK-Stop,Horst Kloss,Janet,Leverling,1996-08-05,Federal Shipping,Gorgonzola Telino,Dairy Products,Formaggi Fortini s.r.l.,15,12.5
10273,QUICK-Stop,Horst Kloss,Janet,Leverling,1996-08-05,Federal Shipping,Ikura,Seafood,Tokyo Traders,24,31
10274,Vins et alcools Chevalier,Paul Henriot,Michael,Suyama,1996-08-06,Speedy Express,Mozzarella di Giovanni,Dairy Products,Formaggi Fortini s.r.l.,7,34.8
10274,Vins et alcools Chevalier,Paul Henriot,Michael,Suyama,1996-08-06,Speedy Express,Flotemysost,Dairy Products,Norske Meierier,20,21.5
10275,Magazzini Alimentari Riuniti,Giovanni Rovelli,Nancy,Davolio,1996-08-07,Speedy Express,Raclette Courdavault,Dairy Products,Gai paturage,6,55
10275,Magazzini Alimentari Riuniti,Giovanni Rovelli,Nancy,Davolio,1996-08-07,Speedy Express,Guarana Fantastica,Beverages,Refrescos Americanas LTDA,12,4.5
10276,Tortuga Restaurante,Miguel Angel Paolino,Laura,Callahan,1996-08-08,Federal Shipping,Konbu,Seafood,Mayumis,10,6
10276,Tortuga Restaurante,Miguel Angel Paolino,Laura,Callahan,1996-08-08,Federal Shipping,Ikura,Seafood,Tokyo Traders,15,31
10277,Morgenstern Gesundkost,Alexander Feuer,Andrew,Fuller,1996-08-09,Federal Shipping,Tarte au sucre,Confections,Forets derables,12,49.3
10277,Morgenstern Gesundkost,Alexander Feuer,Andrew,Fuller,1996-08-09,Federal Shipping,Rossle Sauerkraut,Produce,Plutzer Lebensmittelgrossmarkte AG,20,45.6
10278,Berglunds snabbkop,Christina Berglund,Laura,Callahan,1996-08-12,United Package,Rod Kaviar,Seafood,Svensk Sjofoda AB,25,15
10278,Berglunds snabbkop,Christina Berglund,Laura,Callahan,1996-08-12,United Package,Vegie-spread,Condiments,"Pavlova, Ltd.",8,43.9
10278,Berglunds snabbkop,Christina Berglund,Laura,Callahan,1996-08-12,United Package,Raclette Courdavault,Dairy Products,Gai paturage,15,55
10278,Berglunds snabbkop,Christina Berglund,Laura,Callahan,1996-08-12,United Package,Gula Malacca,Condiments,Leka Trading,16,19.45
10279,Lehmanns Marktstand,Renate Messner,Laura,Callahan,1996-08-13,United Package,Alice Mutton,Meat/Poultry,"Pavlova, Ltd.",15,39
10280,Berglunds snabbkop,Christina Berglund,Andrew,Fuller,1996-08-14,Speedy Express,Rhonbrau Klosterbier,Beverages,Plutzer Lebensmittelgrossmarkte AG,30,7.75
10280,Berglunds snabbkop,Christina Berglund,Andrew,Fuller,1996-08-14,Speedy Express,Pate chinois,Meat/Poultry,Ma Maison,20,24
10280,Berglunds snabbkop,Christina Berglund,Andrew,Fuller,1996-08-14,Speedy Express,Guarana Fantastica,Beverages,Refrescos Americanas LTDA,12,4.5
10281,Romero y tomillo,Alejandra Camino,Margaret,Peacock,1996-08-14,Speedy Express,Steeleye Stout,Beverages,Bigfoot Breweries,4,18
10281,Romero y tomillo,Alejandra Camino,Margaret,Peacock,1996-08-14,Speedy Express,Guarana Fantastica,Beverages,Refrescos Americanas LTDA,6,4.5
10281,Romero y tomillo,Alejandra Camino,Margaret,Peacock,1996-08-14,Speedy Express,Teatime Chocolate Biscuits,Confections,"Specialty Biscuits, Ltd.",1,9.2
10282,Romero y tomillo,Alejandra Camino,Margaret,Peacock,1996-08-15,Speedy Express,Ravioli Angelo,Grains/Cereals,Pasta Buttini s.r.l.,2,19.5
10282,Romero y tomillo,Alejandra Camino,Margaret,Peacock,1996-08-15,Speedy Express,Nord-Ost Matjeshering,Seafood,Nord-Ost-Fisch Handelsgesellschaft mbH,6,25.89
10283,LILA-Supermercado,Carlos Gonzalez,Janet,Leverling,1996-08-16,Federal Shipping,Mozzarella di Giovanni,Dairy Products,Formaggi Fortini s.r.l.,3,34.8
10283,LILA-Supermercado,Carlos Gonzalez,Janet,Leverling,1996-08-16,Federal Shipping,Camembert Pierrot,Dairy Products,Gai paturage,35,34
10283,LILA-Supermercado,Carlos Gonzalez,Janet,Leverling,1996-08-16,Federal Shipping,Teatime Chocolate Biscuits,Confections,"Specialty Biscuits, Ltd.",18,9.2
10283,LILA-Supermercado,Carlos Gonzalez,Janet,Leverling,1996-08-16,Federal Shipping,Genen Shouyu,Condiments,Mayumis,20,15.5
10284,Lehmanns Marktstand,Renate Messner,Margaret,Peacock,1996-08-19,Speedy Express,Laughing Lumberjack Lager,Beverages,Bigfoot Breweries,5,14
10284,Lehmanns Marktstand,Renate Messner,Margaret,Peacock,1996-08-19,Speedy Express,Camembert Pierrot,Dairy Products,Gai paturage,20,34
10284,Lehmanns Marktstand,Renate Messner,Margaret,Peacock,1996-08-19,Speedy Express,Gula Malacca,Condiments,Leka Trading,21,19.45
10284,Lehmanns Marktstand,Renate Messner,Margaret,Peacock,1996-08-19,Speedy Express,Schoggi Schokolade,Confections,Heli Susswaren GmbH and Co. KG,15,43.9
10285,QUICK-Stop,Horst Kloss,Nancy,Davolio,1996-08-20,United Package,Perth Pasties,Meat/Poultry,"Gday, Mate",36,32.8
10285,QUICK-Stop,Horst Kloss,Nancy,Davolio,1996-08-20,United Package,Boston Crab Meat,Seafood,New England Seafood Cannery,40,18.4
10285,QUICK-Stop,Horst Kloss,Nancy,Davolio,1996-08-20,United Package,Chais,Beverages,Exotic Liquid,45,18
10286,QUICK-Stop,Horst Kloss,Laura,Callahan,1996-08-21,Federal Shipping,Tarte au sucre,Confections,Forets derables,40,49.3
10286,QUICK-Stop,Horst Kloss,Laura,Callahan,1996-08-21,Federal Shipping,Steeleye Stout,Beverages,Bigfoot Breweries,100,18
10287,Ricardo Adocicados,Janete Limeira,Laura,Callahan,1996-08-22,Federal Shipping,Spegesild,Seafood,Lyngbysild,15,12
10287,Ricardo Adocicados,Janete Limeira,Laura,Callahan,1996-08-22,Federal Shipping,Sasquatch Ale,Beverages,Bigfoot Breweries,20,14
10287,Ricardo Adocicados,Janete Limeira,Laura,Callahan,1996-08-22,Federal Shipping,Pavlova,Confections,"Pavlova, Ltd.",40,17.45
10288,Reggiani Caseifici,Maurizio Moroni,Margaret,Peacock,1996-08-23,Speedy Express,Scottish Longbreads,Confections,"Specialty Biscuits, Ltd.",3,12.5
10288,Reggiani Caseifici,Maurizio Moroni,Margaret,Peacock,1996-08-23,Speedy Express,Tourtiere,Meat/Poultry,Ma Maison,10,7.45
10289,Bs Beverages,Victoria Ashworth,Robert,King,1996-08-26,Federal Shipping,Wimmers gute Semmelknodel,Grains/Cereals,Plutzer Lebensmittelgrossmarkte AG,9,33.25
10289,Bs Beverages,Victoria Ashworth,Robert,King,1996-08-26,Federal Shipping,Aniseed Syrup,Condiments,Exotic Liquid,30,10
10290,Comercio Mineiro,Pedro Afonso,Laura,Callahan,1996-08-27,Speedy Express,Original Frankfurter grune Sosse,Condiments,Plutzer Lebensmittelgrossmarkte AG,10,13
10290,Comercio Mineiro,Pedro Afonso,Laura,Callahan,1996-08-27,Speedy Express,Maxilaku,Confections,Karkki Oy,15,20
10290,Comercio Mineiro,Pedro Afonso,Laura,Callahan,1996-08-27,Speedy Express,Thuringer Rostbratwurst,Meat/Poultry,Plutzer Lebensmittelgrossmarkte AG,15,123.79
10290,Comercio Mineiro,Pedro Afonso,Laura,Callahan,1996-08-27,Speedy Express,Chef Antons Gumbo Mix,Condiments,New Orleans Cajun Delights,20,21.35
10291,Que Delicia,Bernardo Batista,Michael,Suyama,1996-08-27,United Package,Manjimup Dried Apples,Produce,"Gday, Mate",2,53
10291,Que Delicia,Bernardo Batista,Michael,Suyama,1996-08-27,United Package,Gula Malacca,Condiments,Leka Trading,24,19.45
10291,Que Delicia,Bernardo Batista,Michael,Suyama,1996-08-27,United Package,Konbu,Seafood,Mayumis,20,6
10292,Tradicao Hipermercados,Anabela Domingues,Nancy,Davolio,1996-08-28,United Package,Sir Rodneys Marmalade,Confections,"Specialty Biscuits, Ltd.",20,81
10293,Tortuga Restaurante,Miguel Angel Paolino,Nancy,Davolio,1996-08-29,Federal Shipping,Rhonbrau Klosterbier,Beverages,Plutzer Lebensmittelgrossmarkte AG,6,7.75
10293,Tortuga Restaurante,Miguel Angel Paolino,Nancy,Davolio,1996-08-29,Federal Shipping,Vegie-spread,Condiments,"Pavlova, Ltd.",5,43.9
10293,Tortuga Restaurante,Miguel Angel Paolino,Nancy,Davolio,1996-08-29,Federal Shipping,Guarana Fantastica,Beverages,Refrescos Americanas LTDA,10,4.5
10293,Tortuga Restaurante,Miguel Angel Paolino,Nancy,Davolio,1996-08-29,Federal Shipping,Carnarvon Tigers,Seafood,"Pavlova, Ltd.",12,62.5
10294,Rattlesnake Canyon Grocery,Paula Wilson,Margaret,Peacock,1996-08-30,United Package,Rhonbrau Klosterbier,Beverages,Plutzer Lebensmittelgrossmarkte AG,6,7.75
10294,Rattlesnake Canyon Grocery,Paula Wilson,Margaret,Peacock,1996-08-30,United Package,Camembert Pierrot,Dairy Products,Gai paturage,21,34
10294,Rattlesnake Canyon Grocery,Paula Wilson,Margaret,Peacock,1996-08-30,United Package,Ipoh Coffee,Beverages,Leka Trading,15,46
10294,Rattlesnake Canyon Grocery,Paula Wilson,Margaret,Peacock,1996-08-30,United Package,Alice Mutton,Meat/Poultry,"Pavlova, Ltd.",15,39
10294,Rattlesnake Canyon Grocery,Paula Wilson,Margaret,Peacock,1996-08-30,United Package,Chais,Beverages,Exotic Liquid,18,18
10295,Vins et alcools Chevalier,Paul Henriot,Andrew,Fuller,1996-09-02,United Package,Gnocchi di nonna Alice,Grains/Cereals,Pasta Buttini s.r.l.,4,38
10296,LILA-Supermercado,Carlos Gonzalez,Michael,Suyama,1996-09-03,Speedy Express,Gudbrandsdalsost,Dairy Products,Norske Meierier,15,36
10296,LILA-Supermercado,Carlos Gonzalez,Michael,Suyama,1996-09-03,Speedy Express,Pavlova,Confections,"Pavlova, Ltd.",30,17.45
10296,LILA-Supermercado,Carlos Gonzalez,Michael,Suyama,1996-09-03,Speedy Express,Queso Cabrales,Dairy Products,Cooperativa de Quesos Las Cabras,12,21
10297,Blondel pere et fils,Frederique Citeaux,Steven,Buchanan,1996-09-04,United Package,Mozzarella di Giovanni,Dairy Products,Formaggi Fortini s.r.l.,20,34.8
10297,Blondel pere et fils,Frederique Citeaux,Steven,Buchanan,1996-09-04,United Package,Chartreuse verte,Beverages,Aux joyeux ecclesiastiques,60,18
10298,Hungry Owl All-Night Grocers,Patricia McKenna,Michael,Suyama,1996-09-05,United Package,Tarte au sucre,Confections,Forets derables,15,49.3
10298,Hungry Owl All-Night Grocers,Patricia McKenna,Michael,Suyama,1996-09-05,United Package,Raclette Courdavault,Dairy Products,Gai paturage,30,55
10298,Hungry Owl All-Night Grocers,Patricia McKenna,Michael,Suyama,1996-09-05,United Package,Inlagd Sill,Seafood,Svensk Sjofoda AB,40,19
10298,Hungry Owl All-Night Grocers,Patricia McKenna,Michael,Suyama,1996-09-05,United Package,Chang,Beverages,Exotic Liquid,40,19
10299,Ricardo Adocicados,Janete Limeira,Margaret,Peacock,1996-09-06,United Package,Outback Lager,Beverages,"Pavlova, Ltd.",20,15
10299,Ricardo Adocicados,Janete Limeira,Margaret,Peacock,1996-09-06,United Package,Teatime Chocolate Biscuits,Confections,"Specialty Biscuits, Ltd.",15,9.2
10300,Magazzini Alimentari Riuniti,Giovanni Rovelli,Andrew,Fuller,1996-09-09,United Package,Scottish Longbreads,Confections,"Specialty Biscuits, Ltd.",20,12.5
10300,Magazzini Alimentari Riuniti,Giovanni Rovelli,Andrew,Fuller,1996-09-09,United Package,Louisiana Hot Spiced Okra,Condiments,New Orleans Cajun Delights,30,17
10301,Die Wandernde Kuh,Rita Muller,Laura,Callahan,1996-09-09,United Package,Gnocchi di nonna Alice,Grains/Cereals,Pasta Buttini s.r.l.,20,38
10301,Die Wandernde Kuh,Rita Muller,Laura,Callahan,1996-09-09,United Package,Boston Crab Meat,Seafood,New England Seafood Cannery,10,18.4
10302,Supremes delices,Pascale Cartrain,Margaret,Peacock,1996-09-10,United Package,Ipoh Coffee,Beverages,Leka Trading,12,46
10302,Supremes delices,Pascale Cartrain,Margaret,Peacock,1996-09-10,United Package,Rossle Sauerkraut,Produce,Plutzer Lebensmittelgrossmarkte AG,28,45.6
10302,Supremes delices,Pascale Cartrain,Margaret,Peacock,1996-09-10,United Package,Alice Mutton,Meat/Poultry,"Pavlova, Ltd.",40,39
10303,Godos Cocina Tipica,Jose Pedro Freyre,Robert,King,1996-09-11,United Package,Scottish Longbreads,Confections,"Specialty Biscuits, Ltd.",15,12.5
10303,Godos Cocina Tipica,Jose Pedro Freyre,Robert,King,1996-09-11,United Package,Louisiana Fiery Hot Pepper Sauce,Condiments,New Orleans Cajun Delights,30,21.05
10303,Godos Cocina Tipica,Jose Pedro Freyre,Robert,King,1996-09-11,United Package,Boston Crab Meat,Seafood,New England Seafood Cannery,40,18.4
10304,Tortuga Restaurante,Miguel Angel Paolino,Nancy,Davolio,1996-09-12,United Package,Flotemysost,Dairy Products,Norske Meierier,2,21.5
10304,Tortuga Restaurante,Miguel Angel Paolino,Nancy,Davolio,1996-09-12,United Package,Raclette Courdavault,Dairy Products,Gai paturage,10,55
10304,Tortuga Restaurante,Miguel Angel Paolino,Nancy,Davolio,1996-09-12,United Package,Maxilaku,Confections,Karkki Oy,30,20
10305,Old World Delicatessen,Rene Phillips,Laura,Callahan,1996-09-13,Federal Shipping,Chartreuse verte,Beverages,Aux joyeux ecclesiastiques,30,18
10305,Old World Delicatessen,Rene Phillips,Laura,Callahan,1996-09-13,Federal Shipping,Thuringer Rostbratwurst,Meat/Poultry,Plutzer Lebensmittelgrossmarkte AG,25,123.79
10305,Old World Delicatessen,Rene Phillips,Laura,Callahan,1996-09-13,Federal Shipping,Carnarvon Tigers,Seafood,"Pavlova, Ltd.",25,62.5
10306,Romero y tomillo,Alejandra Camino,Nancy,Davolio,1996-09-16,Federal Shipping,Tourtiere,Meat/Poultry,Ma Maison,5,7.45
10306,Romero y tomillo,Alejandra Camino,Nancy,Davolio,1996-09-16,Federal Shipping,Perth Pasties,Meat/Poultry,"Gday, Mate",10,32.8
10306,Romero y tomillo,Alejandra Camino,Nancy,Davolio,1996-09-16,Federal Shipping,Nord-Ost Matjeshering,Seafood,Nord-Ost-Fisch Handelsgesellschaft mbH,10,25.89
10307,Lonesome Pine Restaurant,Fran Wilson,Andrew,Fuller,1996-09-17,United Package,Scottish Longbreads,Confections,"Specialty Biscuits, Ltd.",3,12.5
10307,Lonesome Pine Restaurant,Fran Wilson,Andrew,Fuller,1996-09-17,United Package,Tarte au sucre,Confections,Forets derables,10,49.3
10308,Ana Trujillo Emparedados y helados,Ana Trujillo,Robert,King,1996-09-18,Federal Shipping,Outback Lager,Beverages,"Pavlova, Ltd.",5,15
10308,Ana Trujillo Emparedados y helados,Ana Trujillo,Robert,King,1996-09-18,Federal Shipping,Gudbrandsdalsost,Dairy Products,Norske Meierier,1,36
10309,Hungry Owl All-Night Grocers,Patricia McKenna,Janet,Leverling,1996-09-19,Speedy Express,Flotemysost,Dairy Products,Norske Meierier,3,21.5
10309,Hungry Owl All-Night Grocers,Patricia McKenna,Janet,Leverling,1996-09-19,Speedy Express,Ipoh Coffee,Beverages,Leka Trading,20,46
10309,Hungry Owl All-Night Grocers,Patricia McKenna,Janet,Leverling,1996-09-19,Speedy Express,Singaporean Hokkien Fried Mee,Grains/Cereals,Leka Trading,2,14
10309,Hungry Owl All-Night Grocers,Patricia McKenna,Janet,Leverling,1996-09-19,Speedy Express,Grandmas Boysenberry Spread,Condiments,Grandma Kellys Homestead,30,25
10309,Hungry Owl All-Night Grocers,Patricia McKenna,Janet,Leverling,1996-09-19,Speedy Express,Chef Antons Cajun Seasoning,Condiments,New Orleans Cajun Delights,20,22
10310,The Big Cheese,Liz Nixon,Laura,Callahan,1996-09-20,United Package,Tarte au sucre,Confections,Forets derables,5,49.3
10310,The Big Cheese,Liz Nixon,Laura,Callahan,1996-09-20,United Package,Pavlova,Confections,"Pavlova, Ltd.",10,17.45
10311,Du monde entier,Janine Labrune,Nancy,Davolio,1996-09-20,Federal Shipping,Gudbrandsdalsost,Dairy Products,Norske Meierier,7,36
10311,Du monde entier,Janine Labrune,Nancy,Davolio,1996-09-20,Federal Shipping,Singaporean Hokkien Fried Mee,Grains/Cereals,Leka Trading,6,14
10312,Die Wandernde Kuh,Rita Muller,Andrew,Fuller,1996-09-23,United Package,Rhonbrau Klosterbier,Beverages,Plutzer Lebensmittelgrossmarkte AG,10,7.75
10312,Die Wandernde Kuh,Rita Muller,Andrew,Fuller,1996-09-23,United Package,Perth Pasties,Meat/Poultry,"Gday, Mate",20,32.8
10312,Die Wandernde Kuh,Rita Muller,Andrew,Fuller,1996-09-23,United Package,Ipoh Coffee,Beverages,Leka Trading,24,46
10312,Die Wandernde Kuh,Rita Muller,Andrew,Fuller,1996-09-23,United Package,Rossle Sauerkraut,Produce,Plutzer Lebensmittelgrossmarkte AG,4,45.6
10313,QUICK-Stop,Horst Kloss,Andrew,Fuller,1996-09-24,United Package,Inlagd Sill,Seafood,Svensk Sjofoda AB,12,19
10314,Rattlesnake Canyon Grocery,Paula Wilson,Nancy,Davolio,1996-09-25,United Package,Tarte au sucre,Confections,Forets derables,25,49.3
10314,Rattlesnake Canyon Grocery,Paula Wilson,Nancy,Davolio,1996-09-25,United Package,Escargots de Bourgogne,Seafood,Escargots Nouveaux,30,13.25
10314,Rattlesnake Canyon Grocery,Paula Wilson,Nancy,Davolio,1996-09-25,United Package,Mascarpone Fabioli,Dairy Products,Formaggi Fortini s.r.l.,40,32
10315,Island Trading,Helen Bennett,Margaret,Peacock,1996-09-26,United Package,Outback Lager,Beverages,"Pavlova, Ltd.",30,15
10315,Island Trading,Helen Bennett,Margaret,Peacock,1996-09-26,United Package,Sasquatch Ale,Beverages,Bigfoot Breweries,14,14
10316,Rattlesnake Canyon Grocery,Paula Wilson,Nancy,Davolio,1996-09-27,Federal Shipping,Tarte au sucre,Confections,Forets derables,70,49.3
10316,Rattlesnake Canyon Grocery,Paula Wilson,Nancy,Davolio,1996-09-27,Federal Shipping,Jacks New England Clam Chowder,Seafood,New England Seafood Cannery,10,9.65
10317,Lonesome Pine Restaurant,Fran Wilson,Michael,Suyama,1996-09-30,Speedy Express,Chais,Beverages,Exotic Liquid,20,18
10318,Island Trading,Helen Bennett,Laura,Callahan,1996-10-01,United Package,Lakkalikoori,Beverages,Karkki Oy,6,18
10318,Island Trading,Helen Bennett,Laura,Callahan,1996-10-01,United Package,Jacks New England Clam Chowder,Seafood,New England Seafood Cannery,20,9.65
10319,Tortuga Restaurante,Miguel Angel Paolino,Robert,King,1996-10-02,Federal Shipping,Lakkalikoori,Beverages,Karkki Oy,30,18
10319,Tortuga Restaurante,Miguel Angel Paolino,Robert,King,1996-10-02,Federal Shipping,Rossle Sauerkraut,Produce,Plutzer Lebensmittelgrossmarkte AG,14,45.6
10319,Tortuga Restaurante,Miguel Angel Paolino,Robert,King,1996-10-02,Federal Shipping,Alice Mutton,Meat/Poultry,"Pavlova, Ltd.",8,39
10320,Wartian Herkku,Pirkko Koskitalo,Steven,Buchanan,1996-10-03,Federal Shipping,Flotemysost,Dairy Products,Norske Meierier,30,21.5
10321,Island Trading,Helen Bennett,Janet,Leverling,1996-10-03,United Package,Steeleye Stout,Beverages,Bigfoot Breweries,10,18
10322,Pericles Comidas clasicas,Guillermo Fernandez,Robert,King,1996-10-04,Federal Shipping,Filo Mix,Grains/Cereals,"Gday, Mate",20,7
10323,Koniglich Essen,Philip Cramer,Margaret,Peacock,1996-10-07,Speedy Express,Chartreuse verte,Beverages,Aux joyeux ecclesiastiques,4,18
10323,Koniglich Essen,Philip Cramer,Margaret,Peacock,1996-10-07,Speedy Express,NuNuCa Nuss-Nougat-Creme,Confections,Heli Susswaren GmbH and Co. KG,4,14
10323,Koniglich Essen,Philip Cramer,Margaret,Peacock,1996-10-07,Speedy Express,Genen Shouyu,Condiments,Mayumis,5,15.5
10324,Save-a-lot Markets,Jose Pavarotti,Anne,Dodsworth,1996-10-08,Speedy Express,Vegie-spread,Condiments,"Pavlova, Ltd.",80,43.9
10324,Save-a-lot Markets,Jose Pavarotti,Anne,Dodsworth,1996-10-08,Speedy Express,Raclette Courdavault,Dairy Products,Gai paturage,40,55
10324,Save-a-lot Markets,Jose Pavarotti,Anne,Dodsworth,1996-10-08,Speedy Express,Spegesild,Seafood,Lyngbysild,30,12
10324,Save-a-lot Markets,Jose Pavarotti,Anne,Dodsworth,1996-10-08,Speedy Express,Steeleye Stout,Beverages,Bigfoot Breweries,70,18
10324,Save-a-lot Markets,Jose Pavarotti,Anne,Dodsworth,1996-10-08,Speedy Express,Pavlova,Confections,"Pavlova, Ltd.",21,17.45
10325,Koniglich Essen,Philip Cramer,Nancy,Davolio,1996-10-09,Federal Shipping,Mozzarella di Giovanni,Dairy Products,Formaggi Fortini s.r.l.,40,34.8
10325,Koniglich Essen,Philip Cramer,Nancy,Davolio,1996-10-09,Federal Shipping,Gorgonzola Telino,Dairy Products,Formaggi Fortini s.r.l.,4,12.5
10325,Koniglich Essen,Philip Cramer,Nancy,Davolio,1996-10-09,Federal Shipping,Tofu,Produce,Mayumis,9,23.25
10325,Koniglich Essen,Philip Cramer,Nancy,Davolio,1996-10-09,Federal Shipping,Konbu,Seafood,Mayumis,12,6
10325,Koniglich Essen,Philip Cramer,Nancy,Davolio,1996-10-09,Federal Shipping,Grandmas Boysenberry Spread,Condiments,Grandma Kellys Homestead,6,25
10326,Bolido Comidas preparadas,Martin Sommer,Margaret,Peacock,1996-10-10,United Package,Rhonbrau Klosterbier,Beverages,Plutzer Lebensmittelgrossmarkte AG,50,7.75
10326,Bolido Comidas preparadas,Martin Sommer,Margaret,Peacock,1996-10-10,United Package,Ravioli Angelo,Grains/Cereals,Pasta Buttini s.r.l.,16,19.5
10326,Bolido Comidas preparadas,Martin Sommer,Margaret,Peacock,1996-10-10,United Package,Chef Antons Cajun Seasoning,Condiments,New Orleans Cajun Delights,24,22
10327,Folk och fa HB,Maria Larsson,Andrew,Fuller,1996-10-11,Speedy Express,Escargots de Bourgogne,Seafood,Escargots Nouveaux,30,13.25
10327,Folk och fa HB,Maria Larsson,Andrew,Fuller,1996-10-11,Speedy Express,Nord-Ost Matjeshering,Seafood,Nord-Ost-Fisch Handelsgesellschaft mbH,35,25.89
10327,Folk och fa HB,Maria Larsson,Andrew,Fuller,1996-10-11,Speedy Express,Queso Cabrales,Dairy Products,Cooperativa de Quesos Las Cabras,50,21
10327,Folk och fa HB,Maria Larsson,Andrew,Fuller,1996-10-11,Speedy Express,Chang,Beverages,Exotic Liquid,25,19
10328,Furia Bacalhau e Frutos do Mar,Lino Rodriguez,Margaret,Peacock,1996-10-14,Federal Shipping,Scottish Longbreads,Confections,"Specialty Biscuits, Ltd.",10,12.5
10328,Furia Bacalhau e Frutos do Mar,Lino Rodriguez,Margaret,Peacock,1996-10-14,Federal Shipping,Louisiana Fiery Hot Pepper Sauce,Condiments,New Orleans Cajun Delights,40,21.05
10328,Furia Bacalhau e Frutos do Mar,Lino Rodriguez,Margaret,Peacock,1996-10-14,Federal Shipping,Raclette Courdavault,Dairy Products,Gai paturage,9,55
10329,Split Rail Beer & Ale,Art Braunschweiger,Margaret,Peacock,1996-10-15,United Package,Gnocchi di nonna Alice,Grains/Cereals,Pasta Buttini s.r.l.,12,38
10329,Split Rail Beer & Ale,Art Braunschweiger,Margaret,Peacock,1996-10-15,United Package,Cote de Blaye,Beverages,Aux joyeux ecclesiastiques,20,263.5
10329,Split Rail Beer & Ale,Art Braunschweiger,Margaret,Peacock,1996-10-15,United Package,Nord-Ost Matjeshering,Seafood,Nord-Ost-Fisch Handelsgesellschaft mbH,8,25.89
10329,Split Rail Beer & Ale,Art Braunschweiger,Margaret,Peacock,1996-10-15,United Package,Teatime Chocolate Biscuits,Confections,"Specialty Biscuits, Ltd.",10,9.2
10330,LILA-Supermercado,Carlos Gonzalez,Janet,Leverling,1996-10-16,Speedy Express,Mozzarella di Giovanni,Dairy Products,Formaggi Fortini s.r.l.,25,34.8
10330,LILA-Supermercado,Carlos Gonzalez,Janet,Leverling,1996-10-16,Speedy Express,Gumbar Gummibarchen,Confections,Heli Susswaren GmbH and Co. KG,50,31.23
10331,Bon app,Laurence Lebihans,Anne,Dodsworth,1996-10-16,Speedy Express,Tourtiere,Meat/Poultry,Ma Maison,15,7.45
10332,Mere Paillarde,Jean Fresniere,Janet,Leverling,1996-10-17,United Package,Zaanse koeken,Confections,Zaanse Snoepfabriek,16,9.5
10332,Mere Paillarde,Jean Fresniere,Janet,Leverling,1996-10-17,United Package,Singaporean Hokkien Fried Mee,Grains/Cereals,Leka Trading,10,14
10332,Mere Paillarde,Jean Fresniere,Janet,Leverling,1996-10-17,United Package,Carnarvon Tigers,Seafood,"Pavlova, Ltd.",40,62.5
10333,Wartian Herkku,Pirkko Koskitalo,Steven,Buchanan,1996-10-18,Federal Shipping,Flotemysost,Dairy Products,Norske Meierier,40,21.5
10333,Wartian Herkku,Pirkko Koskitalo,Steven,Buchanan,1996-10-18,Federal Shipping,Sir Rodneys Scones,Confections,"Specialty Biscuits, Ltd.",10,10
10333,Wartian Herkku,Pirkko Koskitalo,Steven,Buchanan,1996-10-18,Federal Shipping,Tofu,Produce,Mayumis,10,23.25
10334,Victuailles en stock,Mary Saveley,Laura,Callahan,1996-10-21,United Package,Scottish Longbreads,Confections,"Specialty Biscuits, Ltd.",10,12.5
10334,Victuailles en stock,Mary Saveley,Laura,Callahan,1996-10-21,United Package,Filo Mix,Grains/Cereals,"Gday, Mate",8,7
10335,Hungry Owl All-Night Grocers,Patricia McKenna,Robert,King,1996-10-22,United Package,Manjimup Dried Apples,Produce,"Gday, Mate",48,53
10335,Hungry Owl All-Night Grocers,Patricia McKenna,Robert,King,1996-10-22,United Package,Mascarpone Fabioli,Dairy Products,Formaggi Fortini s.r.l.,6,32
10335,Hungry Owl All-Night Grocers,Patricia McKenna,Robert,King,1996-10-22,United Package,Gorgonzola Telino,Dairy Products,Formaggi Fortini s.r.l.,25,12.5
10335,Hungry Owl All-Night Grocers,Patricia McKenna,Robert,King,1996-10-22,United Package,Chang,Beverages,Exotic Liquid,7,19
10336,Princesa Isabel Vinhoss,Isabel de Castro,Robert,King,1996-10-23,United Package,Chef Antons Cajun Seasoning,Condiments,New Orleans Cajun Delights,18,22
10337,Frankenversand,Peter Franken,Margaret,Peacock,1996-10-24,Federal Shipping,Mozzarella di Giovanni,Dairy Products,Formaggi Fortini s.r.l.,25,34.8
10337,Frankenversand,Peter Franken,Margaret,Peacock,1996-10-24,Federal Shipping,Gravad lax,Seafood,Svensk Sjofoda AB,28,26
10337,Frankenversand,Peter Franken,Margaret,Peacock,1996-10-24,Federal Shipping,Inlagd Sill,Seafood,Svensk Sjofoda AB,20,19
10337,Frankenversand,Peter Franken,Margaret,Peacock,1996-10-24,Federal Shipping,Gumbar Gummibarchen,Confections,Heli Susswaren GmbH and Co. KG,24,31.23
10337,Frankenversand,Peter Franken,Margaret,Peacock,1996-10-24,Federal Shipping,Tunnbrod,Grains/Cereals,PB Knackebrod AB,40,9
10338,Old World Delicatessen,Rene Phillips,Margaret,Peacock,1996-10-25,Federal Shipping,Nord-Ost Matjeshering,Seafood,Nord-Ost-Fisch Handelsgesellschaft mbH,15,25.89
10338,Old World Delicatessen,Rene Phillips,Margaret,Peacock,1996-10-25,Federal Shipping,Alice Mutton,Meat/Poultry,"Pavlova, Ltd.",20,39
10339,Mere Paillarde,Jean Fresniere,Andrew,Fuller,1996-10-28,United Package,Tarte au sucre,Confections,Forets derables,28,49.3
10339,Mere Paillarde,Jean Fresniere,Andrew,Fuller,1996-10-28,United Package,Alice Mutton,Meat/Poultry,"Pavlova, Ltd.",70,39
10339,Mere Paillarde,Jean Fresniere,Andrew,Fuller,1996-10-28,United Package,Chef Antons Cajun Seasoning,Condiments,New Orleans Cajun Delights,10,22
10340,Bon app,Laurence Lebihans,Nancy,Davolio,1996-10-29,Federal Shipping,Ipoh Coffee,Beverages,Leka Trading,40,46
10340,Bon app,Laurence Lebihans,Nancy,Davolio,1996-10-29,Federal Shipping,Jacks New England Clam Chowder,Seafood,New England Seafood Cannery,12,9.65
10340,Bon app,Laurence Lebihans,Nancy,Davolio,1996-10-29,Federal Shipping,Carnarvon Tigers,Seafood,"Pavlova, Ltd.",20,62.5
10341,Simons bistro,Jytte Petersen,Robert,King,1996-10-29,Federal Shipping,Raclette Courdavault,Dairy Products,Gai paturage,9,55
10341,Simons bistro,Jytte Petersen,Robert,King,1996-10-29,Federal Shipping,Geitost,Dairy Products,Norske Meierier,8,2.5
10342,Frankenversand,Peter Franken,Margaret,Peacock,1996-10-30,United Package,Pate chinois,Meat/Poultry,Ma Maison,40,24
10342,Frankenversand,Peter Franken,Margaret,Peacock,1996-10-30,United Package,Inlagd Sill,Seafood,Svensk Sjofoda AB,40,19
10342,Frankenversand,Peter Franken,Margaret,Peacock,1996-10-30,United Package,Gorgonzola Telino,Dairy Products,Formaggi Fortini s.r.l.,56,12.5
10342,Frankenversand,Peter Franken,Margaret,Peacock,1996-10-30,United Package,Chang,Beverages,Exotic Liquid,24,19
10343,Lehmanns Marktstand,Renate Messner,Margaret,Peacock,1996-10-31,Speedy Express,Lakkalikoori,Beverages,Karkki Oy,15,18
10343,Lehmanns Marktstand,Renate Messner,Margaret,Peacock,1996-10-31,Speedy Express,Scottish Longbreads,Confections,"Specialty Biscuits, Ltd.",4,12.5
10343,Lehmanns Marktstand,Renate Messner,Margaret,Peacock,1996-10-31,Speedy Express,Wimmers gute Semmelknodel,Grains/Cereals,Plutzer Lebensmittelgrossmarkte AG,50,33.25
10344,White Clover Markets,Karl Jablonski,Margaret,Peacock,1996-11-01,United Package,Northwoods Cranberry Sauce,Condiments,Grandma Kellys Homestead,70,40
10344,White Clover Markets,Karl Jablonski,Margaret,Peacock,1996-11-01,United Package,Chef Antons Cajun Seasoning,Condiments,New Orleans Cajun Delights,35,22
10345,QUICK-Stop,Horst Kloss,Andrew,Fuller,1996-11-04,United Package,Singaporean Hokkien Fried Mee,Grains/Cereals,Leka Trading,9,14
10345,QUICK-Stop,Horst Kloss,Andrew,Fuller,1996-11-04,United Package,Teatime Chocolate Biscuits,Confections,"Specialty Biscuits, Ltd.",80,9.2
10345,QUICK-Stop,Horst Kloss,Andrew,Fuller,1996-11-04,United Package,Northwoods Cranberry Sauce,Condiments,Grandma Kellys Homestead,70,40
10346,Rattlesnake Canyon Grocery,Paula Wilson,Janet,Leverling,1996-11-05,Federal Shipping,Gnocchi di nonna Alice,Grains/Cereals,Pasta Buttini s.r.l.,20,38
10346,Rattlesnake Canyon Grocery,Paula Wilson,Janet,Leverling,1996-11-05,Federal Shipping,Alice Mutton,Meat/Poultry,"Pavlova, Ltd.",36,39
10347,Familia Arquibaldo,Aria Cruz,Margaret,Peacock,1996-11-06,Federal Shipping,Rhonbrau Klosterbier,Beverages,Plutzer Lebensmittelgrossmarkte AG,6,7.75
10347,Familia Arquibaldo,Aria Cruz,Margaret,Peacock,1996-11-06,Federal Shipping,Boston Crab Meat,Seafood,New England Seafood Cannery,4,18.4
10347,Familia Arquibaldo,Aria Cruz,Margaret,Peacock,1996-11-06,Federal Shipping,Chartreuse verte,Beverages,Aux joyeux ecclesiastiques,50,18
10347,Familia Arquibaldo,Aria Cruz,Margaret,Peacock,1996-11-06,Federal Shipping,NuNuCa Nuss-Nougat-Creme,Confections,Heli Susswaren GmbH and Co. KG,10,14
10348,Die Wandernde Kuh,Rita Muller,Margaret,Peacock,1996-11-07,United Package,Tunnbrod,Grains/Cereals,PB Knackebrod AB,25,9
10348,Die Wandernde Kuh,Rita Muller,Margaret,Peacock,1996-11-07,United Package,Chais,Beverages,Exotic Liquid,15,18
10349,Split Rail Beer & Ale,Art Braunschweiger,Robert,King,1996-11-08,Speedy Express,Tourtiere,Meat/Poultry,Ma Maison,24,7.45
10350,La maison dAsie,Annette Roulet,Michael,Suyama,1996-11-11,United Package,Gudbrandsdalsost,Dairy Products,Norske Meierier,18,36
10350,La maison dAsie,Annette Roulet,Michael,Suyama,1996-11-11,United Package,Valkoinen suklaa,Confections,Karkki Oy,15,16.25
10351,Ernst Handel,Roland Mendel,Nancy,Davolio,1996-11-11,Speedy Express,Louisiana Fiery Hot Pepper Sauce,Condiments,New Orleans Cajun Delights,10,21.05
10351,Ernst Handel,Roland Mendel,Nancy,Davolio,1996-11-11,Speedy Express,Gula Malacca,Condiments,Leka Trading,77,19.45
10351,Ernst Handel,Roland Mendel,Nancy,Davolio,1996-11-11,Speedy Express,Jacks New England Clam Chowder,Seafood,New England Seafood Cannery,13,9.65
10351,Ernst Handel,Roland Mendel,Nancy,Davolio,1996-11-11,Speedy Express,Cote de Blaye,Beverages,Aux joyeux ecclesiastiques,20,263.5
10352,Furia Bacalhau e Frutos do Mar,Lino Rodriguez,Janet,Leverling,1996-11-12,Federal Shipping,Tourtiere,Meat/Poultry,Ma Maison,20,7.45
10352,Furia Bacalhau e Frutos do Mar,Lino Rodriguez,Janet,Leverling,1996-11-12,Federal Shipping,Guarana Fantastica,Beverages,Refrescos Americanas LTDA,10,4.5
10353,Piccolo und mehr,Georg Pipps,Robert,King,1996-11-13,Federal Shipping,Cote de Blaye,Beverages,Aux joyeux ecclesiastiques,50,263.5
10353,Piccolo und mehr,Georg Pipps,Robert,King,1996-11-13,Federal Shipping,Queso Cabrales,Dairy Products,Cooperativa de Quesos Las Cabras,12,21
10354,Pericles Comidas clasicas,Guillermo Fernandez,Laura,Callahan,1996-11-14,Federal Shipping,Thuringer Rostbratwurst,Meat/Poultry,Plutzer Lebensmittelgrossmarkte AG,4,123.79
10354,Pericles Comidas clasicas,Guillermo Fernandez,Laura,Callahan,1996-11-14,Federal Shipping,Chais,Beverages,Exotic Liquid,12,18
10355,Around the Horn,Thomas Hardy,Michael,Suyama,1996-11-15,Speedy Express,Ravioli Angelo,Grains/Cereals,Pasta Buttini s.r.l.,25,19.5
10355,Around the Horn,Thomas Hardy,Michael,Suyama,1996-11-15,Speedy Express,Guarana Fantastica,Beverages,Refrescos Americanas LTDA,25,4.5
10356,Die Wandernde Kuh,Rita Muller,Michael,Suyama,1996-11-18,United Package,Gudbrandsdalsost,Dairy Products,Norske Meierier,20,36
10356,Die Wandernde Kuh,Rita Muller,Michael,Suyama,1996-11-18,United Package,Pate chinois,Meat/Poultry,Ma Maison,12,24
10356,Die Wandernde Kuh,Rita Muller,Michael,Suyama,1996-11-18,United Package,Gorgonzola Telino,Dairy Products,Formaggi Fortini s.r.l.,30,12.5
10357,LILA-Supermercado,Carlos Gonzalez,Nancy,Davolio,1996-11-19,Federal Shipping,Camembert Pierrot,Dairy Products,Gai paturage,8,34
10357,LILA-Supermercado,Carlos Gonzalez,Nancy,Davolio,1996-11-19,Federal Shipping,Gumbar Gummibarchen,Confections,Heli Susswaren GmbH and Co. KG,16,31.23
10357,LILA-Supermercado,Carlos Gonzalez,Nancy,Davolio,1996-11-19,Federal Shipping,Ikura,Seafood,Tokyo Traders,30,31
10358,La maison dAsie,Annette Roulet,Steven,Buchanan,1996-11-20,Speedy Express,Inlagd Sill,Seafood,Svensk Sjofoda AB,20,19
10358,La maison dAsie,Annette Roulet,Steven,Buchanan,1996-11-20,Speedy Express,Sasquatch Ale,Beverages,Bigfoot Breweries,10,14
10358,La maison dAsie,Annette Roulet,Steven,Buchanan,1996-11-20,Speedy Express,Guarana Fantastica,Beverages,Refrescos Americanas LTDA,10,4.5
10359,Seven Seas Imports,Hari Kumar,Steven,Buchanan,1996-11-21,Federal Shipping,Camembert Pierrot,Dairy Products,Gai paturage,80,34
10359,Seven Seas Imports,Hari Kumar,Steven,Buchanan,1996-11-21,Federal Shipping,Gorgonzola Telino,Dairy Products,Formaggi Fortini s.r.l.,70,12.5
10359,Seven Seas Imports,Hari Kumar,Steven,Buchanan,1996-11-21,Federal Shipping,Pavlova,Confections,"Pavlova, Ltd.",56,17.45
10360,Blondel pere et fils,Frederique Citeaux,Margaret,Peacock,1996-11-22,Federal Shipping,Tourtiere,Meat/Poultry,Ma Maison,28,7.45
10360,Blondel pere et fils,Frederique Citeaux,Margaret,Peacock,1996-11-22,Federal Shipping,Maxilaku,Confections,Karkki Oy,35,20
10360,Blondel pere et fils,Frederique Citeaux,Margaret,Peacock,1996-11-22,Federal Shipping,Cote de Blaye,Beverages,Aux joyeux ecclesiastiques,10,263.5
10360,Blondel pere et fils,Frederique Citeaux,Margaret,Peacock,1996-11-22,Federal Shipping,Thuringer Rostbratwurst,Meat/Poultry,Plutzer Lebensmittelgrossmarkte AG,35,123.79
10360,Blondel pere et fils,Frederique Citeaux,Margaret,Peacock,1996-11-22,Federal Shipping,Rossle Sauerkraut,Produce,Plutzer Lebensmittelgrossmarkte AG,30,45.6
10361,QUICK-Stop,Horst Kloss,Nancy,Davolio,1996-11-22,United Package,Camembert Pierrot,Dairy Products,Gai paturage,55,34
10361,QUICK-Stop,Horst Kloss,Nancy,Davolio,1996-11-22,United Package,Chartreuse verte,Beverages,Aux joyeux ecclesiastiques,54,18
10362,Bon app,Laurence Lebihans,Janet,Leverling,1996-11-25,Speedy Express,Tourtiere,Meat/Poultry,Ma Maison,24,7.45
10362,Bon app,Laurence Lebihans,Janet,Leverling,1996-11-25,Speedy Express,Manjimup Dried Apples,Produce,"Gday, Mate",20,53
10362,Bon app,Laurence Lebihans,Janet,Leverling,1996-11-25,Speedy Express,NuNuCa Nuss-Nougat-Creme,Confections,Heli Susswaren GmbH and Co. KG,50,14
10363,Drachenblut Delikatessend,Sven Ottlieb,Margaret,Peacock,1996-11-26,Federal Shipping,Lakkalikoori,Beverages,Karkki Oy,12,18
10363,Drachenblut Delikatessend,Sven Ottlieb,Margaret,Peacock,1996-11-26,Federal Shipping,Rhonbrau Klosterbier,Beverages,Plutzer Lebensmittelgrossmarkte AG,12,7.75
10363,Drachenblut Delikatessend,Sven Ottlieb,Margaret,Peacock,1996-11-26,Federal Shipping,Gorgonzola Telino,Dairy Products,Formaggi Fortini s.r.l.,20,12.5
10364,Eastern Connection,Ann Devon,Nancy,Davolio,1996-11-26,Speedy Express,Flotemysost,Dairy Products,Norske Meierier,5,21.5
10364,Eastern Connection,Ann Devon,Nancy,Davolio,1996-11-26,Speedy Express,Gudbrandsdalsost,Dairy Products,Norske Meierier,30,36
10365,Antonio Moreno Taqueria,Antonio Moreno,Janet,Leverling,1996-11-27,United Package,Queso Cabrales,Dairy Products,Cooperativa de Quesos Las Cabras,24,21
10366,Galeria del gastronomo,Eduardo Saavedra,Laura,Callahan,1996-11-28,United Package,Original Frankfurter grune Sosse,Condiments,Plutzer Lebensmittelgrossmarkte AG,5,13
10366,Galeria del gastronomo,Eduardo Saavedra,Laura,Callahan,1996-11-28,United Package,Louisiana Fiery Hot Pepper Sauce,Condiments,New Orleans Cajun Delights,5,21.05
10367,Vaffeljernet,Palle Ibsen,Robert,King,1996-11-28,Federal Shipping,Original Frankfurter grune Sosse,Condiments,Plutzer Lebensmittelgrossmarkte AG,7,13
10367,Vaffeljernet,Palle Ibsen,Robert,King,1996-11-28,Federal Shipping,Louisiana Fiery Hot Pepper Sauce,Condiments,New Orleans Cajun Delights,15,21.05
10367,Vaffeljernet,Palle Ibsen,Robert,King,1996-11-28,Federal Shipping,Tourtiere,Meat/Poultry,Ma Maison,18,7.45
10367,Vaffeljernet,Palle Ibsen,Robert,King,1996-11-28,Federal Shipping,Sasquatch Ale,Beverages,Bigfoot Breweries,36,14
10368,Ernst Handel,Roland Mendel,Andrew,Fuller,1996-11-29,United Package,Wimmers gute Semmelknodel,Grains/Cereals,Plutzer Lebensmittelgrossmarkte AG,35,33.25
10368,Ernst Handel,Roland Mendel,Andrew,Fuller,1996-11-29,United Package,Ravioli Angelo,Grains/Cereals,Pasta Buttini s.r.l.,25,19.5
10368,Ernst Handel,Roland Mendel,Andrew,Fuller,1996-11-29,United Package,Rossle Sauerkraut,Produce,Plutzer Lebensmittelgrossmarkte AG,13,45.6
10368,Ernst Handel,Roland Mendel,Andrew,Fuller,1996-11-29,United Package,Sir Rodneys Scones,Confections,"Specialty Biscuits, Ltd.",5,10
10369,Split Rail Beer & Ale,Art Braunschweiger,Laura,Callahan,1996-12-02,United Package,Gnocchi di nonna Alice,Grains/Cereals,Pasta Buttini s.r.l.,18,38
10369,Split Rail Beer & Ale,Art Braunschweiger,Laura,Callahan,1996-12-02,United Package,Thuringer Rostbratwurst,Meat/Poultry,Plutzer Lebensmittelgrossmarkte AG,20,123.79
10370,Chop-suey Chinese,Yang Wang,Michael,Suyama,1996-12-03,United Package,Longlife Tofu,Produce,Tokyo Traders,20,10
10370,Chop-suey Chinese,Yang Wang,Michael,Suyama,1996-12-03,United Package,Wimmers gute Semmelknodel,Grains/Cereals,Plutzer Lebensmittelgrossmarkte AG,30,33.25
10370,Chop-suey Chinese,Yang Wang,Michael,Suyama,1996-12-03,United Package,Chais,Beverages,Exotic Liquid,15,18
10371,La maison dAsie,Annette Roulet,Nancy,Davolio,1996-12-03,Speedy Express,Inlagd Sill,Seafood,Svensk Sjofoda AB,6,19
10372,Queen Cozinha,Lucia Carvalho,Steven,Buchanan,1996-12-04,United Package,Mozzarella di Giovanni,Dairy Products,Formaggi Fortini s.r.l.,42,34.8
10372,Queen Cozinha,Lucia Carvalho,Steven,Buchanan,1996-12-04,United Package,Camembert Pierrot,Dairy Products,Gai paturage,70,34
10372,Queen Cozinha,Lucia Carvalho,Steven,Buchanan,1996-12-04,United Package,Cote de Blaye,Beverages,Aux joyeux ecclesiastiques,40,263.5
10372,Queen Cozinha,Lucia Carvalho,Steven,Buchanan,1996-12-04,United Package,Sir Rodneys Marmalade,Confections,"Specialty Biscuits, Ltd.",12,81
10373,Hungry Owl All-Night Grocers,Patricia McKenna,Margaret,Peacock,1996-12-05,Federal Shipping,Flotemysost,Dairy Products,Norske Meierier,50,21.5
10373,Hungry Owl All-Night Grocers,Patricia McKenna,Margaret,Peacock,1996-12-05,Federal Shipping,Escargots de Bourgogne,Seafood,Escargots Nouveaux,80,13.25
10374,Wolski,Zbyszek,Nancy,Davolio,1996-12-05,Federal Shipping,Escargots de Bourgogne,Seafood,Escargots Nouveaux,15,13.25
10374,Wolski,Zbyszek,Nancy,Davolio,1996-12-05,Federal Shipping,Gorgonzola Telino,Dairy Products,Formaggi Fortini s.r.l.,30,12.5
10375,Hungry Coyote Import Store,Yoshi Latimer,Janet,Leverling,1996-12-06,United Package,Tourtiere,Meat/Poultry,Ma Maison,10,7.45
10375,Hungry Coyote Import Store,Yoshi Latimer,Janet,Leverling,1996-12-06,United Package,Tofu,Produce,Mayumis,15,23.25
10376,Mere Paillarde,Jean Fresniere,Nancy,Davolio,1996-12-09,United Package,Gorgonzola Telino,Dairy Products,Formaggi Fortini s.r.l.,42,12.5
10377,Seven Seas Imports,Hari Kumar,Nancy,Davolio,1996-12-09,Federal Shipping,Chartreuse verte,Beverages,Aux joyeux ecclesiastiques,20,18
10377,Seven Seas Imports,Hari Kumar,Nancy,Davolio,1996-12-09,Federal Shipping,Rossle Sauerkraut,Produce,Plutzer Lebensmittelgrossmarkte AG,20,45.6
10378,Folk och fa HB,Maria Larsson,Steven,Buchanan,1996-12-10,Federal Shipping,Flotemysost,Dairy Products,Norske Meierier,6,21.5
10379,Que Delicia,Bernardo Batista,Andrew,Fuller,1996-12-11,Speedy Express,Louisiana Fiery Hot Pepper Sauce,Condiments,New Orleans Cajun Delights,20,21.05
10379,Que Delicia,Bernardo Batista,Andrew,Fuller,1996-12-11,Speedy Express,Vegie-spread,Condiments,"Pavlova, Ltd.",16,43.9
10379,Que Delicia,Bernardo Batista,Andrew,Fuller,1996-12-11,Speedy Express,Jacks New England Clam Chowder,Seafood,New England Seafood Cannery,8,9.65
10380,Hungry Owl All-Night Grocers,Patricia McKenna,Laura,Callahan,1996-12-12,Federal Shipping,Outback Lager,Beverages,"Pavlova, Ltd.",30,15
10380,Hungry Owl All-Night Grocers,Patricia McKenna,Laura,Callahan,1996-12-12,Federal Shipping,Camembert Pierrot,Dairy Products,Gai paturage,6,34
10380,Hungry Owl All-Night Grocers,Patricia McKenna,Laura,Callahan,1996-12-12,Federal Shipping,Perth Pasties,Meat/Poultry,"Gday, Mate",20,32.8
10380,Hungry Owl All-Night Grocers,Patricia McKenna,Laura,Callahan,1996-12-12,Federal Shipping,Nord-Ost Matjeshering,Seafood,Nord-Ost-Fisch Handelsgesellschaft mbH,18,25.89
10381,LILA-Supermercado,Carlos Gonzalez,Janet,Leverling,1996-12-12,Federal Shipping,Longlife Tofu,Produce,Tokyo Traders,14,10
10382,Ernst Handel,Roland Mendel,Margaret,Peacock,1996-12-13,Speedy Express,Longlife Tofu,Produce,Tokyo Traders,50,10
10382,Ernst Handel,Roland Mendel,Margaret,Peacock,1996-12-13,Speedy Express,Geitost,Dairy Products,Norske Meierier,60,2.5
10382,Ernst Handel,Roland Mendel,Margaret,Peacock,1996-12-13,Speedy Express,Thuringer Rostbratwurst,Meat/Poultry,Plutzer Lebensmittelgrossmarkte AG,14,123.79
10382,Ernst Handel,Roland Mendel,Margaret,Peacock,1996-12-13,Speedy Express,Carnarvon Tigers,Seafood,"Pavlova, Ltd.",9,62.5
10382,Ernst Handel,Roland Mendel,Margaret,Peacock,1996-12-13,Speedy Express,Chef Antons Gumbo Mix,Condiments,New Orleans Cajun Delights,32,21.35
10383,Around the Horn,Thomas Hardy,Laura,Callahan,1996-12-16,Federal Shipping,Gnocchi di nonna Alice,Grains/Cereals,Pasta Buttini s.r.l.,20,38
10383,Around the Horn,Thomas Hardy,Laura,Callahan,1996-12-16,Federal Shipping,Valkoinen suklaa,Confections,Karkki Oy,15,16.25
10383,Around the Horn,Thomas Hardy,Laura,Callahan,1996-12-16,Federal Shipping,Konbu,Seafood,Mayumis,20,6
10384,Berglunds snabbkop,Christina Berglund,Janet,Leverling,1996-12-16,Federal Shipping,Camembert Pierrot,Dairy Products,Gai paturage,15,34
10384,Berglunds snabbkop,Christina Berglund,Janet,Leverling,1996-12-16,Federal Shipping,Sir Rodneys Marmalade,Confections,"Specialty Biscuits, Ltd.",28,81
10385,Split Rail Beer & Ale,Art Braunschweiger,Nancy,Davolio,1996-12-17,United Package,Scottish Longbreads,Confections,"Specialty Biscuits, Ltd.",8,12.5
10385,Split Rail Beer & Ale,Art Braunschweiger,Nancy,Davolio,1996-12-17,United Package,Camembert Pierrot,Dairy Products,Gai paturage,20,34
10385,Split Rail Beer & Ale,Art Braunschweiger,Nancy,Davolio,1996-12-17,United Package,Uncle Bobs Organic Dried Pears,Produce,Grandma Kellys Homestead,10,30
10386,Familia Arquibaldo,Aria Cruz,Anne,Dodsworth,1996-12-18,Federal Shipping,Sasquatch Ale,Beverages,Bigfoot Breweries,10,14
10386,Familia Arquibaldo,Aria Cruz,Anne,Dodsworth,1996-12-18,Federal Shipping,Guarana Fantastica,Beverages,Refrescos Americanas LTDA,15,4.5
10387,Sante Gourmet,Jonas Bergulfsen,Nancy,Davolio,1996-12-18,United Package,Flotemysost,Dairy Products,Norske Meierier,15,21.5
10387,Sante Gourmet,Jonas Bergulfsen,Nancy,Davolio,1996-12-18,United Package,Raclette Courdavault,Dairy Products,Gai paturage,12,55
10387,Sante Gourmet,Jonas Bergulfsen,Nancy,Davolio,1996-12-18,United Package,Rossle Sauerkraut,Produce,Plutzer Lebensmittelgrossmarkte AG,6,45.6
10387,Sante Gourmet,Jonas Bergulfsen,Nancy,Davolio,1996-12-18,United Package,Guarana Fantastica,Beverages,Refrescos Americanas LTDA,15,4.5
10388,Seven Seas Imports,Hari Kumar,Andrew,Fuller,1996-12-19,Speedy Express,Perth Pasties,Meat/Poultry,"Gday, Mate",40,32.8
10388,Seven Seas Imports,Hari Kumar,Andrew,Fuller,1996-12-19,Speedy Express,Filo Mix,Grains/Cereals,"Gday, Mate",20,7
10388,Seven Seas Imports,Hari Kumar,Andrew,Fuller,1996-12-19,Speedy Express,Rogede sild,Seafood,Lyngbysild,15,9.5
10389,Bottom-Dollar Marketse,Elizabeth Lincoln,Margaret,Peacock,1996-12-20,United Package,Outback Lager,Beverages,"Pavlova, Ltd.",30,15
10389,Bottom-Dollar Marketse,Elizabeth Lincoln,Margaret,Peacock,1996-12-20,United Package,Tarte au sucre,Confections,Forets derables,20,49.3
10389,Bottom-Dollar Marketse,Elizabeth Lincoln,Margaret,Peacock,1996-12-20,United Package,Pate chinois,Meat/Poultry,Ma Maison,15,24
10389,Bottom-Dollar Marketse,Elizabeth Lincoln,Margaret,Peacock,1996-12-20,United Package,Ikura,Seafood,Tokyo Traders,16,31
10390,Ernst Handel,Roland Mendel,Michael,Suyama,1996-12-23,Speedy Express,Mozzarella di Giovanni,Dairy Products,Formaggi Fortini s.r.l.,24,34.8
10390,Ernst Handel,Roland Mendel,Michael,Suyama,1996-12-23,Speedy Express,Spegesild,Seafood,Lyngbysild,45,12
10390,Ernst Handel,Roland Mendel,Michael,Suyama,1996-12-23,Speedy Express,Steeleye Stout,Beverages,Bigfoot Breweries,40,18
10390,Ernst Handel,Roland Mendel,Michael,Suyama,1996-12-23,Speedy Express,Gorgonzola Telino,Dairy Products,Formaggi Fortini s.r.l.,60,12.5
10391,Drachenblut Delikatessend,Sven Ottlieb,Janet,Leverling,1996-12-23,Federal Shipping,Konbu,Seafood,Mayumis,18,6
10392,Piccolo und mehr,Georg Pipps,Andrew,Fuller,1996-12-24,Federal Shipping,Gudbrandsdalsost,Dairy Products,Norske Meierier,50,36
10393,Save-a-lot Markets,Jose Pavarotti,Nancy,Davolio,1996-12-25,Federal Shipping,Gorgonzola Telino,Dairy Products,Formaggi Fortini s.r.l.,32,12.5
10393,Save-a-lot Markets,Jose Pavarotti,Nancy,Davolio,1996-12-25,Federal Shipping,Gumbar Gummibarchen,Confections,Heli Susswaren GmbH and Co. KG,70,31.23
10393,Save-a-lot Markets,Jose Pavarotti,Nancy,Davolio,1996-12-25,Federal Shipping,NuNuCa Nuss-Nougat-Creme,Confections,Heli Susswaren GmbH and Co. KG,7,14
10393,Save-a-lot Markets,Jose Pavarotti,Nancy,Davolio,1996-12-25,Federal Shipping,Tofu,Produce,Mayumis,42,23.25
10393,Save-a-lot Markets,Jose Pavarotti,Nancy,Davolio,1996-12-25,Federal Shipping,Chang,Beverages,Exotic Liquid,25,19
10394,Hungry Coyote Import Store,Yoshi Latimer,Nancy,Davolio,1996-12-25,Federal Shipping,Tarte au sucre,Confections,Forets derables,10,49.3
10394,Hungry Coyote Import Store,Yoshi Latimer,Nancy,Davolio,1996-12-25,Federal Shipping,Konbu,Seafood,Mayumis,10,6
10395,HILARIoN-Abastos,Carlos Hernandez,Michael,Suyama,1996-12-26,Speedy Express,Gudbrandsdalsost,Dairy Products,Norske Meierier,8,36
10395,HILARIoN-Abastos,Carlos Hernandez,Michael,Suyama,1996-12-26,Speedy Express,Perth Pasties,Meat/Poultry,"Gday, Mate",70,32.8
10395,HILARIoN-Abastos,Carlos Hernandez,Michael,Suyama,1996-12-26,Speedy Express,Spegesild,Seafood,Lyngbysild,28,12
10396,Frankenversand,Peter Franken,Nancy,Davolio,1996-12-27,Federal Shipping,Mozzarella di Giovanni,Dairy Products,Formaggi Fortini s.r.l.,21,34.8
10396,Frankenversand,Peter Franken,Nancy,Davolio,1996-12-27,Federal Shipping,Flotemysost,Dairy Products,Norske Meierier,60,21.5
10396,Frankenversand,Peter Franken,Nancy,Davolio,1996-12-27,Federal Shipping,Tunnbrod,Grains/Cereals,PB Knackebrod AB,40,9
10397,Princesa Isabel Vinhoss,Isabel de Castro,Steven,Buchanan,1996-12-27,Speedy Express,Manjimup Dried Apples,Produce,"Gday, Mate",18,53
10397,Princesa Isabel Vinhoss,Isabel de Castro,Steven,Buchanan,1996-12-27,Speedy Express,Sir Rodneys Scones,Confections,"Specialty Biscuits, Ltd.",10,10
10398,Save-a-lot Markets,Jose Pavarotti,Andrew,Fuller,1996-12-30,Federal Shipping,Pate chinois,Meat/Poultry,Ma Maison,120,24
10398,Save-a-lot Markets,Jose Pavarotti,Andrew,Fuller,1996-12-30,Federal Shipping,Steeleye Stout,Beverages,Bigfoot Breweries,30,18
10399,Vaffeljernet,Palle Ibsen,Laura,Callahan,1996-12-31,Federal Shipping,Original Frankfurter grune Sosse,Condiments,Plutzer Lebensmittelgrossmarkte AG,14,13
10399,Vaffeljernet,Palle Ibsen,Laura,Callahan,1996-12-31,Federal Shipping,Lakkalikoori,Beverages,Karkki Oy,35,18
10399,Vaffeljernet,Palle Ibsen,Laura,Callahan,1996-12-31,Federal Shipping,Flotemysost,Dairy Products,Norske Meierier,30,21.5
10399,Vaffeljernet,Palle Ibsen,Laura,Callahan,1996-12-31,Federal Shipping,Scottish Longbreads,Confections,"Specialty Biscuits, Ltd.",60,12.5
10400,Eastern Connection,Ann Devon,Nancy,Davolio,1997-01-01,Federal Shipping,Maxilaku,Confections,Karkki Oy,30,20
10400,Eastern Connection,Ann Devon,Nancy,Davolio,1997-01-01,Federal Shipping,Steeleye Stout,Beverages,Bigfoot Breweries,35,18
10400,Eastern Connection,Ann Devon,Nancy,Davolio,1997-01-01,Federal Shipping,Thuringer Rostbratwurst,Meat/Poultry,Plutzer Lebensmittelgrossmarkte AG,21,123.79
10401,Rattlesnake Canyon Grocery,Paula Wilson,Nancy,Davolio,1997-01-01,Speedy Express,Flotemysost,Dairy Products,Norske Meierier,60,21.5
10401,Rattlesnake Canyon Grocery,Paula Wilson,Nancy,Davolio,1997-01-01,Speedy Express,Louisiana Fiery Hot Pepper Sauce,Condiments,New Orleans Cajun Delights,20,21.05
10401,Rattlesnake Canyon Grocery,Paula Wilson,Nancy,Davolio,1997-01-01,Speedy Express,Gnocchi di nonna Alice,Grains/Cereals,Pasta Buttini s.r.l.,70,38
10401,Rattlesnake Canyon Grocery,Paula Wilson,Nancy,Davolio,1997-01-01,Speedy Express,Nord-Ost Matjeshering,Seafood,Nord-Ost-Fisch Handelsgesellschaft mbH,18,25.89
10402,Ernst Handel,Roland Mendel,Laura,Callahan,1997-01-02,United Package,Vegie-spread,Condiments,"Pavlova, Ltd.",65,43.9
10402,Ernst Handel,Roland Mendel,Laura,Callahan,1997-01-02,United Package,Tunnbrod,Grains/Cereals,PB Knackebrod AB,60,9
10403,Ernst Handel,Roland Mendel,Margaret,Peacock,1997-01-03,Federal Shipping,Chocolade,Confections,Zaanse Snoepfabriek,70,12.75
10403,Ernst Handel,Roland Mendel,Margaret,Peacock,1997-01-03,Federal Shipping,Pavlova,Confections,"Pavlova, Ltd.",21,17.45
10404,Magazzini Alimentari Riuniti,Giovanni Rovelli,Andrew,Fuller,1997-01-03,Speedy Express,Maxilaku,Confections,Karkki Oy,30,20
10404,Magazzini Alimentari Riuniti,Giovanni Rovelli,Andrew,Fuller,1997-01-03,Speedy Express,Singaporean Hokkien Fried Mee,Grains/Cereals,Leka Trading,40,14
10404,Magazzini Alimentari Riuniti,Giovanni Rovelli,Andrew,Fuller,1997-01-03,Speedy Express,Gumbar Gummibarchen,Confections,Heli Susswaren GmbH and Co. KG,30,31.23
10405,LINO-Delicateses,Felipe Izquierdo,Nancy,Davolio,1997-01-06,Speedy Express,Aniseed Syrup,Condiments,Exotic Liquid,50,10
10406,Queen Cozinha,Lucia Carvalho,Robert,King,1997-01-07,Speedy Express,Boston Crab Meat,Seafood,New England Seafood Cannery,2,18.4
10406,Queen Cozinha,Lucia Carvalho,Robert,King,1997-01-07,Speedy Express,Inlagd Sill,Seafood,Svensk Sjofoda AB,5,19
10406,Queen Cozinha,Lucia Carvalho,Robert,King,1997-01-07,Speedy Express,Rossle Sauerkraut,Produce,Plutzer Lebensmittelgrossmarkte AG,42,45.6
10406,Queen Cozinha,Lucia Carvalho,Robert,King,1997-01-07,Speedy Express,Sir Rodneys Scones,Confections,"Specialty Biscuits, Ltd.",30,10
10406,Queen Cozinha,Lucia Carvalho,Robert,King,1997-01-07,Speedy Express,Chais,Beverages,Exotic Liquid,10,18
10407,Ottilies Kaseladen,Henriette Pfalzheim,Andrew,Fuller,1997-01-07,United Package,Flotemysost,Dairy Products,Norske Meierier,15,21.5
10407,Ottilies Kaseladen,Henriette Pfalzheim,Andrew,Fuller,1997-01-07,United Package,Gudbrandsdalsost,Dairy Products,Norske Meierier,15,36
10407,Ottilies Kaseladen,Henriette Pfalzheim,Andrew,Fuller,1997-01-07,United Package,Queso Cabrales,Dairy Products,Cooperativa de Quesos Las Cabras,30,21
10408,Folies gourmandes,Martine Rance,Laura,Callahan,1997-01-08,Speedy Express,Tarte au sucre,Confections,Forets derables,35,49.3
10408,Folies gourmandes,Martine Rance,Laura,Callahan,1997-01-08,Speedy Express,Tourtiere,Meat/Poultry,Ma Maison,6,7.45
10408,Folies gourmandes,Martine Rance,Laura,Callahan,1997-01-08,Speedy Express,Gravad lax,Seafood,Svensk Sjofoda AB,10,26
10409,Oceano Atlantico Ltda.,Yvonne Moncada,Janet,Leverling,1997-01-09,Speedy Express,Sir Rodneys Scones,Confections,"Specialty Biscuits, Ltd.",12,10
10409,Oceano Atlantico Ltda.,Yvonne Moncada,Janet,Leverling,1997-01-09,Speedy Express,Tofu,Produce,Mayumis,12,23.25
10410,Bottom-Dollar Marketse,Elizabeth Lincoln,Janet,Leverling,1997-01-10,Federal Shipping,Raclette Courdavault,Dairy Products,Gai paturage,16,55
10410,Bottom-Dollar Marketse,Elizabeth Lincoln,Janet,Leverling,1997-01-10,Federal Shipping,Geitost,Dairy Products,Norske Meierier,49,2.5
10411,Bottom-Dollar Marketse,Elizabeth Lincoln,Anne,Dodsworth,1997-01-10,Federal Shipping,Raclette Courdavault,Dairy Products,Gai paturage,9,55
10411,Bottom-Dollar Marketse,Elizabeth Lincoln,Anne,Dodsworth,1997-01-10,Federal Shipping,Gula Malacca,Condiments,Leka Trading,40,19.45
10411,Bottom-Dollar Marketse,Elizabeth Lincoln,Anne,Dodsworth,1997-01-10,Federal Shipping,Jacks New England Clam Chowder,Seafood,New England Seafood Cannery,25,9.65
10412,Wartian Herkku,Pirkko Koskitalo,Laura,Callahan,1997-01-13,United Package,Tofu,Produce,Mayumis,20,23.25
10413,La maison dAsie,Annette Roulet,Janet,Leverling,1997-01-14,United Package,Lakkalikoori,Beverages,Karkki Oy,14,18
10413,La maison dAsie,Annette Roulet,Janet,Leverling,1997-01-14,United Package,Tarte au sucre,Confections,Forets derables,40,49.3
10413,La maison dAsie,Annette Roulet,Janet,Leverling,1997-01-14,United Package,Chais,Beverages,Exotic Liquid,24,18
10414,Familia Arquibaldo,Aria Cruz,Andrew,Fuller,1997-01-14,Federal Shipping,Geitost,Dairy Products,Norske Meierier,50,2.5
10414,Familia Arquibaldo,Aria Cruz,Andrew,Fuller,1997-01-14,Federal Shipping,Teatime Chocolate Biscuits,Confections,"Specialty Biscuits, Ltd.",18,9.2
10415,Hungry Coyote Import Store,Yoshi Latimer,Janet,Leverling,1997-01-15,Speedy Express,Geitost,Dairy Products,Norske Meierier,20,2.5
10415,Hungry Coyote Import Store,Yoshi Latimer,Janet,Leverling,1997-01-15,Speedy Express,Alice Mutton,Meat/Poultry,"Pavlova, Ltd.",2,39
10416,Wartian Herkku,Pirkko Koskitalo,Laura,Callahan,1997-01-16,Federal Shipping,Ravioli Angelo,Grains/Cereals,Pasta Buttini s.r.l.,20,19.5
10416,Wartian Herkku,Pirkko Koskitalo,Laura,Callahan,1997-01-16,Federal Shipping,Perth Pasties,Meat/Poultry,"Gday, Mate",10,32.8
10416,Wartian Herkku,Pirkko Koskitalo,Laura,Callahan,1997-01-16,Federal Shipping,Teatime Chocolate Biscuits,Confections,"Specialty Biscuits, Ltd.",20,9.2
10417,Simons bistro,Jytte Petersen,Margaret,Peacock,1997-01-16,Federal Shipping,Original Frankfurter grune Sosse,Condiments,Plutzer Lebensmittelgrossmarkte AG,35,13
10417,Simons bistro,Jytte Petersen,Margaret,Peacock,1997-01-16,Federal Shipping,Scottish Longbreads,Confections,"Specialty Biscuits, Ltd.",36,12.5
10417,Simons bistro,Jytte Petersen,Margaret,Peacock,1997-01-16,Federal Shipping,Spegesild,Seafood,Lyngbysild,2,12
10417,Simons bistro,Jytte Petersen,Margaret,Peacock,1997-01-16,Federal Shipping,Cote de Blaye,Beverages,Aux joyeux ecclesiastiques,50,263.5
10418,QUICK-Stop,Horst Kloss,Margaret,Peacock,1997-01-17,Speedy Express,Longlife Tofu,Produce,Tokyo Traders,15,10
10418,QUICK-Stop,Horst Kloss,Margaret,Peacock,1997-01-17,Speedy Express,Sirop derable,Condiments,Forets derables,16,28.5
10418,QUICK-Stop,Horst Kloss,Margaret,Peacock,1997-01-17,Speedy Express,Zaanse koeken,Confections,Zaanse Snoepfabriek,55,9.5
10418,QUICK-Stop,Horst Kloss,Margaret,Peacock,1997-01-17,Speedy Express,Chang,Beverages,Exotic Liquid,60,19
10419,Richter Supermarkt,Michael Holz,Margaret,Peacock,1997-01-20,United Package,Gudbrandsdalsost,Dairy Products,Norske Meierier,20,36
10419,Richter Supermarkt,Michael Holz,Margaret,Peacock,1997-01-20,United Package,Camembert Pierrot,Dairy Products,Gai paturage,60,34
10420,Wellington Importadora,Paula Parente,Janet,Leverling,1997-01-21,Speedy Express,Rod Kaviar,Seafood,Svensk Sjofoda AB,20,15
10420,Wellington Importadora,Paula Parente,Janet,Leverling,1997-01-21,Speedy Express,Outback Lager,Beverages,"Pavlova, Ltd.",8,15
10420,Wellington Importadora,Paula Parente,Janet,Leverling,1997-01-21,Speedy Express,Konbu,Seafood,Mayumis,2,6
10420,Wellington Importadora,Paula Parente,Janet,Leverling,1997-01-21,Speedy Express,Mishi Kobe Niku,Meat/Poultry,Tokyo Traders,20,97
10421,Que Delicia,Bernardo Batista,Laura,Callahan,1997-01-21,Speedy Express,Original Frankfurter grune Sosse,Condiments,Plutzer Lebensmittelgrossmarkte AG,10,13
10421,Que Delicia,Bernardo Batista,Laura,Callahan,1997-01-21,Speedy Express,Perth Pasties,Meat/Poultry,"Gday, Mate",15,32.8
10421,Que Delicia,Bernardo Batista,Laura,Callahan,1997-01-21,Speedy Express,Gumbar Gummibarchen,Confections,Heli Susswaren GmbH and Co. KG,30,31.23
10421,Que Delicia,Bernardo Batista,Laura,Callahan,1997-01-21,Speedy Express,Teatime Chocolate Biscuits,Confections,"Specialty Biscuits, Ltd.",4,9.2
10422,Franchi S.p.A.,Paolo Accorti,Andrew,Fuller,1997-01-22,Speedy Express,Gumbar Gummibarchen,Confections,Heli Susswaren GmbH and Co. KG,2,31.23
10423,Gourmet Lanchonetes,Andre Fonseca,Michael,Suyama,1997-01-23,Federal Shipping,Raclette Courdavault,Dairy Products,Gai paturage,20,55
10423,Gourmet Lanchonetes,Andre Fonseca,Michael,Suyama,1997-01-23,Federal Shipping,Gorgonzola Telino,Dairy Products,Formaggi Fortini s.r.l.,14,12.5
10424,Mere Paillarde,Jean Fresniere,Robert,King,1997-01-23,United Package,Scottish Longbreads,Confections,"Specialty Biscuits, Ltd.",30,12.5
10424,Mere Paillarde,Jean Fresniere,Robert,King,1997-01-23,United Package,Cote de Blaye,Beverages,Aux joyeux ecclesiastiques,49,263.5
10424,Mere Paillarde,Jean Fresniere,Robert,King,1997-01-23,United Package,Steeleye Stout,Beverages,Bigfoot Breweries,60,18
10425,La maison dAsie,Annette Roulet,Michael,Suyama,1997-01-24,United Package,Lakkalikoori,Beverages,Karkki Oy,20,18
10425,La maison dAsie,Annette Roulet,Michael,Suyama,1997-01-24,United Package,Pate chinois,Meat/Poultry,Ma Maison,10,24
10426,Galeria del gastronomo,Eduardo Saavedra,Margaret,Peacock,1997-01-27,Speedy Express,Wimmers gute Semmelknodel,Grains/Cereals,Plutzer Lebensmittelgrossmarkte AG,7,33.25
10426,Galeria del gastronomo,Eduardo Saavedra,Margaret,Peacock,1997-01-27,Speedy Express,Gnocchi di nonna Alice,Grains/Cereals,Pasta Buttini s.r.l.,5,38
10427,Piccolo und mehr,Georg Pipps,Margaret,Peacock,1997-01-27,United Package,Tofu,Produce,Mayumis,35,23.25
10428,Reggiani Caseifici,Maurizio Moroni,Robert,King,1997-01-28,Speedy Express,Spegesild,Seafood,Lyngbysild,20,12
10429,Hungry Owl All-Night Grocers,Patricia McKenna,Janet,Leverling,1997-01-29,United Package,Vegie-spread,Condiments,"Pavlova, Ltd.",35,43.9
10429,Hungry Owl All-Night Grocers,Patricia McKenna,Janet,Leverling,1997-01-29,United Package,Valkoinen suklaa,Confections,Karkki Oy,40,16.25
10430,Ernst Handel,Roland Mendel,Margaret,Peacock,1997-01-30,Speedy Express,Raclette Courdavault,Dairy Products,Gai paturage,70,55
10430,Ernst Handel,Roland Mendel,Margaret,Peacock,1997-01-30,Speedy Express,Gnocchi di nonna Alice,Grains/Cereals,Pasta Buttini s.r.l.,30,38
10430,Ernst Handel,Roland Mendel,Margaret,Peacock,1997-01-30,Speedy Express,Sir Rodneys Scones,Confections,"Specialty Biscuits, Ltd.",50,10
10430,Ernst Handel,Roland Mendel,Margaret,Peacock,1997-01-30,Speedy Express,Alice Mutton,Meat/Poultry,"Pavlova, Ltd.",45,39
10431,Bottom-Dollar Marketse,Elizabeth Lincoln,Margaret,Peacock,1997-01-30,United Package,Zaanse koeken,Confections,Zaanse Snoepfabriek,30,9.5
10431,Bottom-Dollar Marketse,Elizabeth Lincoln,Margaret,Peacock,1997-01-30,United Package,Boston Crab Meat,Seafood,New England Seafood Cannery,50,18.4
10431,Bottom-Dollar Marketse,Elizabeth Lincoln,Margaret,Peacock,1997-01-30,United Package,Alice Mutton,Meat/Poultry,"Pavlova, Ltd.",50,39
10432,Split Rail Beer & Ale,Art Braunschweiger,Janet,Leverling,1997-01-31,United Package,Tourtiere,Meat/Poultry,Ma Maison,40,7.45
10432,Split Rail Beer & Ale,Art Braunschweiger,Janet,Leverling,1997-01-31,United Package,Gumbar Gummibarchen,Confections,Heli Susswaren GmbH and Co. KG,10,31.23
10433,Princesa Isabel Vinhoss,Isabel de Castro,Janet,Leverling,1997-02-03,Federal Shipping,Gnocchi di nonna Alice,Grains/Cereals,Pasta Buttini s.r.l.,28,38
10434,Folk och fa HB,Maria Larsson,Janet,Leverling,1997-02-03,United Package,Lakkalikoori,Beverages,Karkki Oy,18,18
10434,Folk och fa HB,Maria Larsson,Janet,Leverling,1997-02-03,United Package,Queso Cabrales,Dairy Products,Cooperativa de Quesos Las Cabras,6,21
10435,Consolidated Holdings,Elizabeth Brown,Laura,Callahan,1997-02-04,United Package,Mozzarella di Giovanni,Dairy Products,Formaggi Fortini s.r.l.,10,34.8
10435,Consolidated Holdings,Elizabeth Brown,Laura,Callahan,1997-02-04,United Package,Gustafs Knackebrod,Grains/Cereals,PB Knackebrod AB,12,21
10435,Consolidated Holdings,Elizabeth Brown,Laura,Callahan,1997-02-04,United Package,Chang,Beverages,Exotic Liquid,10,19
10436,Blondel pere et fils,Frederique Citeaux,Janet,Leverling,1997-02-05,United Package,Rhonbrau Klosterbier,Beverages,Plutzer Lebensmittelgrossmarkte AG,24,7.75
10436,Blondel pere et fils,Frederique Citeaux,Janet,Leverling,1997-02-05,United Package,Wimmers gute Semmelknodel,Grains/Cereals,Plutzer Lebensmittelgrossmarkte AG,30,33.25
10436,Blondel pere et fils,Frederique Citeaux,Janet,Leverling,1997-02-05,United Package,Gnocchi di nonna Alice,Grains/Cereals,Pasta Buttini s.r.l.,40,38
10436,Blondel pere et fils,Frederique Citeaux,Janet,Leverling,1997-02-05,United Package,Spegesild,Seafood,Lyngbysild,5,12
10437,Wartian Herkku,Pirkko Koskitalo,Laura,Callahan,1997-02-05,Speedy Express,Perth Pasties,Meat/Poultry,"Gday, Mate",15,32.8
10438,Toms Spezialitaten,Karin Josephs,Janet,Leverling,1997-02-06,United Package,Ravioli Angelo,Grains/Cereals,Pasta Buttini s.r.l.,15,19.5
10438,Toms Spezialitaten,Karin Josephs,Janet,Leverling,1997-02-06,United Package,Sasquatch Ale,Beverages,Bigfoot Breweries,20,14
10438,Toms Spezialitaten,Karin Josephs,Janet,Leverling,1997-02-06,United Package,Teatime Chocolate Biscuits,Confections,"Specialty Biscuits, Ltd.",15,9.2
10439,Mere Paillarde,Jean Fresniere,Michael,Suyama,1997-02-07,Federal Shipping,Longlife Tofu,Produce,Tokyo Traders,30,10
10439,Mere Paillarde,Jean Fresniere,Michael,Suyama,1997-02-07,Federal Shipping,Wimmers gute Semmelknodel,Grains/Cereals,Plutzer Lebensmittelgrossmarkte AG,6,33.25
10439,Mere Paillarde,Jean Fresniere,Michael,Suyama,1997-02-07,Federal Shipping,Pavlova,Confections,"Pavlova, Ltd.",16,17.45
10439,Mere Paillarde,Jean Fresniere,Michael,Suyama,1997-02-07,Federal Shipping,Queso Manchego La Pastora,Dairy Products,Cooperativa de Quesos Las Cabras,15,38
10440,Save-a-lot Markets,Jose Pavarotti,Margaret,Peacock,1997-02-10,United Package,Sirop derable,Condiments,Forets derables,90,28.5
10440,Save-a-lot Markets,Jose Pavarotti,Margaret,Peacock,1997-02-10,United Package,Thuringer Rostbratwurst,Meat/Poultry,Plutzer Lebensmittelgrossmarkte AG,24,123.79
10440,Save-a-lot Markets,Jose Pavarotti,Margaret,Peacock,1997-02-10,United Package,Pavlova,Confections,"Pavlova, Ltd.",49,17.45
10440,Save-a-lot Markets,Jose Pavarotti,Margaret,Peacock,1997-02-10,United Package,Chang,Beverages,Exotic Liquid,45,19
10441,Old World Delicatessen,Rene Phillips,Janet,Leverling,1997-02-10,United Package,Schoggi Schokolade,Confections,Heli Susswaren GmbH and Co. KG,50,43.9
10442,Ernst Handel,Roland Mendel,Janet,Leverling,1997-02-11,United Package,Louisiana Hot Spiced Okra,Condiments,New Orleans Cajun Delights,60,17
10442,Ernst Handel,Roland Mendel,Janet,Leverling,1997-02-11,United Package,Tourtiere,Meat/Poultry,Ma Maison,80,7.45
10442,Ernst Handel,Roland Mendel,Janet,Leverling,1997-02-11,United Package,Queso Cabrales,Dairy Products,Cooperativa de Quesos Las Cabras,30,21
10443,Reggiani Caseifici,Maurizio Moroni,Laura,Callahan,1997-02-12,Speedy Express,Rossle Sauerkraut,Produce,Plutzer Lebensmittelgrossmarkte AG,12,45.6
10443,Reggiani Caseifici,Maurizio Moroni,Laura,Callahan,1997-02-12,Speedy Express,Queso Cabrales,Dairy Products,Cooperativa de Quesos Las Cabras,6,21
